{
  "w_match": 37.541306596256995,
  "w_experience": 0.001,
  "w_availability": 0.001,
  "w_load_penalty": 9.455540923565302
}