{
  "w_match": 0.001,
  "w_experience": 0.001,
  "w_availability": 11.363915769751632,
  "w_load_penalty": 0.9206651655676037
}